型号,品牌,售价,评论数,标题特征词,内存(G),储存(G),独立显卡,显存,容量(GB),价格定位,档位档次,市场标签,成本变化,预测价,修正系数,修正价格
华为MateBook Fold 非凡大师,华为,26999.0,2100,鸿蒙操作系统,32,2048,无,无,,高端,高端,品牌溢价款,422.4,28172.333333333332,1.0,29732.866666666665
华为MateBook Fold 非凡大师,华为,23999.0,2100,鸿蒙操作系统,32,1024,无,无,,高端,高端,品牌溢价款,371.2,25030.11111111111,1.0,26401.488888888885
YOGA Pro 16 Aura AI元启版,联想,9999.0,5400,AI 酷睿Ultra RTX50系,32,1024,5060,8GB GDDR7,,常规,中端,正常,371.2,11030.111111111111,0.95,10478.605555555556
YOGA Pro 16 Aura AI元启版,联想,10999.0,5400,AI 酷睿Ultra RTX50系,32,1024,5070,12GB GDDR7,,常规,中端,正常,371.2,12030.111111111111,0.95,11428.605555555556
YOGA Pro 16 Aura AI元启版,联想,18999.0,5400,AI 酷睿Ultra RTX50系,64,2048,5070,12GB GDDR7,,高端,高端,正常,742.4,21061.222222222223,1.0,21061.222222222223
ThinkPad X1 Carbon Aura AI元启,联想,13405.0,20000,AI 酷睿Ultra,32,1024,无,无,,常规,中端,正常,371.2,14436.111111111111,0.95,13714.305555555555
ThinkPad X1 Carbon Aura AI元启,联想,14038.0,20000,AI 酷睿Ultra,32,2048,无,无,,常规,中端,正常,422.4,15211.333333333334,0.95,14450.766666666666
ThinkPad X1 Carbon Aura AI元启,联想,15095.0,20000,AI 酷睿Ultra,32,4096,无,无,,高端,高端,正常,524.8,16552.777777777777,1.0,16552.777777777777
微星 绝影18 AI ,微星,22499.0,100,AI 酷睿Ultra RTX50系,32,2048,5070,12GB GDDR7,,高端,高端,正常,422.4,23672.333333333332,1.0,23672.333333333332
微星 绝影18 AI ,微星,29999.0,100,AI 酷睿Ultra RTX50系,64,2048,5080,16GB GDDR7,,高端,高端,正常,742.4,32061.222222222223,1.0,32061.222222222223
微星 绝影18 AI ,微星,34999.0,100,AI 酷睿Ultra RTX50系,64,2048,5090,24GB GDDR7,,高端,高端,正常,742.4,37061.22222222222,1.0,37061.22222222222
微星 绝影18 AI 锐龙版,微星,35999.0,100,AI 锐龙9 RTX50系,64,2048,5090,24GB GDDR7,,高端,高端,正常,742.4,38061.22222222222,1.0,38061.22222222222
微星 绝影16 AI 锐龙版,微星,19499.0,100,AI 锐龙9 RTX50系,32,2048,5070,12GB GDDR7,,高端,高端,正常,422.4,20672.333333333332,1.0,20672.333333333332
MacBook Pro 14,苹果,14499.0,20000,M5处理器,16,1024,无,无,,常规,中端,品牌溢价款,211.2,15085.666666666666,0.95,14108.453166666663
MacBook Pro 14,苹果,15499.0,20000,M5处理器,24,1024,无,无,,高端,中端,品牌溢价款,291.2,16307.888888888889,0.95,15483.842055555551
MacBook Pro 14,苹果,17499.0,20000,M5处理器,16,2048,无,无,,高端,中端,品牌溢价款,262.4,18227.88888888889,0.95,17073.762055555555
MacBook Pro 14,苹果,21999.0,20000,M5处理器,16,4096,无,无,,高端,中端,品牌溢价款,364.8,23012.333333333332,0.95,21679.129833333325
MacBook Pro 14,苹果,14499.0,20000,M5处理器,24,512,无,无,,常规,中端,品牌溢价款,265.6,15236.777777777777,0.95,14442.937611111109
MacBook Pro 14,苹果,18999.0,20000,M5处理器,24,2048,无,无,,高端,中端,品牌溢价款,342.4,19950.11111111111,0.95,18890.900944444442
MacBook Pro 14,苹果,23499.0,20000,M5处理器,24,4096,无,无,,高端,中端,品牌溢价款,444.8,24734.555555555555,0.95,23496.26872222222
MacBook Pro 14,苹果,15999.0,20000,M5处理器,32,512,无,无,,高端,高端,品牌溢价款,345.6,16959.0,1.0,18235.8
MacBook Pro 14,苹果,17499.0,20000,M5处理器,32,1024,无,无,,高端,高端,品牌溢价款,371.2,18530.11111111111,1.0,19901.488888888885
MacBook Pro 14,苹果,20499.0,20000,M5处理器,32,2048,无,无,,高端,高端,品牌溢价款,422.4,21672.333333333332,1.0,23232.866666666665
MacBook Pro 14,苹果,24999.0,20000,M5处理器,32,4096,无,无,,高端,高端,品牌溢价款,524.8,26456.777777777777,1.0,28395.62222222222
华硕ProArt创16,华硕,30499.0,2000,AMD锐龙AI9 RTX50系,64,4096,5090,24GB GDDR7,,高端,高端,正常,844.8,32845.666666666664,1.0,32845.666666666664
华硕ProArt创16,华硕,27499.0,2000,AMD锐龙AI9 RTX50系,64,4096,5080,16GB GDDR7,,高端,高端,正常,844.8,29845.666666666668,1.0,29845.666666666668
华硕ProArt创16,华硕,16999.0,2000,AMD锐龙AI9 RTX50系,64,2048,5060,8GB GDDR7,,高端,高端,正常,742.4,19061.222222222223,1.0,19061.222222222223
华硕ProArt创16,华硕,18499.0,2000,AMD锐龙AI9 RTX50系,64,2048,5070,12GB GDDR7,,高端,高端,正常,742.4,20561.222222222223,1.0,20561.222222222223
ThinkPadX1 2in1 AI Aura 元启版,联想,17499.0,100,AI 酷睿Ultra,32,1024,无,无,,高端,高端,正常,371.2,18530.11111111111,1.0,18530.11111111111
ThinkPadX1 2in1 AI Aura 元启版,联想,18999.0,100,AI 酷睿Ultra,32,2048,无,无,,高端,高端,正常,422.4,20172.333333333332,1.0,20172.333333333332
华硕灵耀14 ,华硕,7999.0,20000,AI 酷睿Ultra,32,1024,无,无,,常规,入门级,其他,371.2,9030.111111111111,0.85,7675.594444444444
联想（Lenovo）拯救者Y9000P,联想,34499.0,500,AI 酷睿Ultra RTX50系,64,2048,5090,24GB GDDR7,,高端,高端,正常,742.4,36561.22222222222,1.0,36561.22222222222
联想（Lenovo）拯救者Y9000P,联想,14499.0,500,AI 酷睿Ultra RTX50系,64,2048,5060,8GB GDDR7,,常规,中端,正常,742.4,16561.222222222223,0.95,15733.16111111111
联想（Lenovo）拯救者Y9000P,联想,11299.0,500,AI 酷睿Ultra RTX50系,32,1024,5060,8GB GDDR7,,常规,中端,正常,371.2,12330.111111111111,0.95,11713.605555555556
联想（Lenovo）拯救者Y9000P,联想,13399.0,500,AI 酷睿Ultra RTX50系,32,1024,5070,12GB GDDR7,,常规,中端,正常,371.2,14430.111111111111,0.95,13708.605555555556
联想（Lenovo）拯救者Y9000P,联想,16199.0,500,AI 酷睿Ultra RTX50系,64,1024,5070,12GB GDDR7,,高端,高端,正常,691.2,18119.0,1.0,18119.0
联想（Lenovo）拯救者Y9000P,联想,19999.0,500,AI 酷睿Ultra RTX50系,32,1024,5080,16GB GDDR7,,高端,高端,正常,371.2,21030.11111111111,1.0,21030.11111111111
联想（Lenovo）拯救者Y9000P,联想,36499.0,500,AI 酷睿Ultra RTX50系,64,4096,5090,24GB GDDR7,,高端,高端,正常,844.8,38845.666666666664,1.0,38845.666666666664
联想（Lenovo）拯救者Y9000P,联想,24199.0,500,AI 酷睿Ultra RTX50系,64,2048,5080,16GB GDDR7,,高端,高端,正常,742.4,26261.222222222223,1.0,26261.222222222223
华为笔记本电脑MateBook XPro ,华为,13699.0,100,酷睿Ultra,32,1024,无,无,,常规,中端,品牌溢价款,371.2,14730.111111111111,0.95,14385.430944444444
微星（MSI）泰坦18 Ultra AI2025,微星,44999.0,200,AI 酷睿Ultra RTX50系,64,6144,5090,24GB GDDR7,,高端,高端,正常,947.2,47630.11111111111,1.0,47630.11111111111
微星（MSI）泰坦18 Ultra AI2025,微星,36999.0,200,AI 酷睿Ultra RTX50系,64,6144,5080,16GB GDDR7,,高端,高端,正常,947.2,39630.11111111111,1.0,39630.11111111111
微星（MSI）尊爵16,微星,8999.0,57, AI  Evo,32,1024,无,无,,常规,中端,正常,371.2,10030.111111111111,0.95,9528.605555555556
ROG枪神9plus超竞版,华硕,32598.0,100,酷睿Ultra RTX50系,64,2048,5090,24GB GDDR7,,高端,高端,正常,742.4,34660.22222222222,1.0,34660.22222222222
ROG枪神9plus超竞版,华硕,32298.0,100,酷睿Ultra RTX50系,64,3072,5090,24GB GDDR7,,高端,高端,正常,793.6,34502.444444444445,1.0,34502.444444444445
ROG枪神9plus超竞版,华硕,30998.0,100,酷睿Ultra RTX50系,64,2048,5090,24GB GDDR7,,高端,高端,正常,742.4,33060.22222222222,1.0,33060.22222222222
ROG枪神9plus超竞版,华硕,,100,酷睿Ultra RTX50系,64,2048,5080,16GB GDDR7,,常规,入门级,其他,742.4,,0.85,
ROG枪神9plus超竞版,华硕,22998.0,100,酷睿Ultra RTX50系,32,1024,5080,16GB GDDR7,,高端,高端,正常,371.2,24029.11111111111,1.0,24029.11111111111
ROG枪神9plus超竞版,华硕,29795.0,100,酷睿Ultra RTX50系,64,4096,5080,16GB GDDR7,,高端,高端,正常,844.8,32141.666666666668,1.0,32141.666666666668
ROG枪神9plus超竞版,华硕,25997.0,100,酷睿Ultra RTX50系,32,4096,5080,16GB GDDR7,,高端,高端,正常,524.8,27454.777777777777,1.0,27454.777777777777
ROG枪神9plus超竞版,华硕,28696.0,100,酷睿Ultra RTX50系,64,3072,5080,16GB GDDR7,,高端,高端,正常,793.6,30900.444444444445,1.0,30900.444444444445
ROG枪神9plus超竞版,华硕,,100,酷睿Ultra RTX50系,32,3072,5080,16GB GDDR7,,常规,入门级,其他,473.6,,0.85,
ROG枪神9plus超竞版,华硕,28096.0,100,酷睿Ultra RTX50系,64,2048,5080,16GB GDDR7,,高端,高端,正常,742.4,30158.222222222223,1.0,30158.222222222223
ROG枪神9plus超竞版,华硕,26798.0,100,酷睿Ultra RTX50系,32,1024,5090,24GB GDDR7,,高端,高端,正常,371.2,27829.11111111111,1.0,27829.11111111111
惠普暗影精灵MAX ,惠普,20299.0,200,AI 酷睿Ultra RTX50系,64,3072,5080,16GB GDDR7,,高端,高端,正常,793.6,22503.444444444445,1.0,22503.444444444445
惠普暗影精灵MAX ,惠普,18499.0,200,AI 酷睿Ultra RTX50系,32,1024,5080,16GB GDDR7,,高端,高端,正常,371.2,19530.11111111111,1.0,19530.11111111111
惠普暗影精灵MAX ,惠普,14499.0,200,AI 酷睿Ultra RTX50系,32,1024,5070,12GB GDDR7,,常规,中端,正常,371.2,15530.111111111111,0.95,14753.605555555556
惠普暗影精灵MAX ,惠普,9499.0,200,AI 酷睿Ultra RTX50系,32,1024,5060,8GB GDDR7,,常规,中端,正常,371.2,10530.111111111111,0.95,10003.605555555556
惠普暗影精灵MAX ,惠普,23499.0,200,AI 酷睿Ultra RTX50系,32,1024,5090,24GB GDDR7,,高端,高端,正常,371.2,24530.11111111111,1.0,24530.11111111111
戴尔 XPS 16 Premium  ,戴尔,31699.0,100,AI 酷睿Ultra RTX50系,64,2048,5070,12GB GDDR7,,高端,高端,正常,742.4,33761.22222222222,1.0,33761.22222222222
戴尔 XPS 16 Premium  ,戴尔,27399.0,100,AI 酷睿Ultra RTX50系,32,1024,5070,12GB GDDR7,,高端,高端,正常,371.2,28430.11111111111,1.0,28430.11111111111
戴尔 XPS 16 Premium  ,戴尔,24399.0,100,AI 酷睿Ultra RTX50系,32,1024,5060,8GB GDDR7,,高端,高端,正常,371.2,25430.11111111111,1.0,25430.11111111111
戴尔 外星人星舰16X ,戴尔,20599.0,2000,AI 酷睿Ultra RTX50系,64,4096,5070,12GB GDDR7,,高端,高端,正常,844.8,22945.666666666668,1.0,22945.666666666668
戴尔 外星人星舰16X ,戴尔,16899.0,2000,AI 酷睿Ultra RTX50系,32,1024,5070,12GB GDDR7,,高端,高端,正常,371.2,17930.11111111111,1.0,17930.11111111111
戴尔 外星人星舰16X ,戴尔,13499.0,2000,AI 酷睿Ultra RTX50系,32,1024,5060,8GB GDDR7,,常规,中端,正常,371.2,14530.111111111111,0.95,13803.605555555556
戴尔 外星人星舰16X ,戴尔,15099.0,2000,AI 酷睿Ultra RTX50系,64,2048,5060,8GB GDDR7,,高端,高端,正常,742.4,17161.222222222223,1.0,17161.222222222223
戴尔 外星人星舰16X ,戴尔,16699.0,2000,AI 酷睿Ultra RTX50系,64,4096,5060,8GB GDDR7,,高端,高端,正常,844.8,19045.666666666668,1.0,19045.666666666668
联想拯救者Y9000X,联想,10299.0,50000,酷睿i9 RTX40系 P图设计专业电竞游戏,32,1024,4060,8GB GDDR6,,常规,中端,正常,371.2,11330.111111111111,0.95,10763.605555555556
联想拯救者Y9000X,联想,11299.0,50000,酷睿i9 RTX40系 P图设计专业电竞游戏,32,2048,4060,8GB GDDR6,,常规,中端,正常,422.4,12472.333333333334,0.95,11848.716666666667
微星（MSI）魔影16,微星,13999.0,1000,RTX40系 电竞本学生电脑,32,1024,4060,8GB GDDR6,,常规,中端,正常,371.2,15030.111111111111,0.95,14278.605555555556
荣耀MagicBook Pro 16,荣耀,6544.0,20000,AI 酷睿UltraT RTX40系,24,1024,4060,8GB GDDR6,,常规,入门级,其他,291.2,7352.888888888889,0.85,6249.955555555555
ROG玩家国度枪神8P,华硕,17000.0,44,酷睿i9 RTX40系 ,32,1024,4090,16GB GDDR6,,高端,高端,正常,371.2,18031.11111111111,1.0,18031.11111111111
ROG玩家国度枪神8P,华硕,13500.0,44,酷睿i9 RTX40系 ,32,1024,4080,12GB GDDR6,,常规,中端,正常,371.2,14531.111111111111,0.95,13804.555555555555
魔霸7Plus超能版,华硕,13968.0,0,酷睿i9 RTX40系 ,32,1024,4090,16GB GDDR6,,常规,中端,正常,371.2,14999.111111111111,0.95,14249.155555555555
惠普（HP）战99,惠普,8799.0,20000,AI 酷睿Ultra,32,1024,无,无,,常规,中端,正常,371.2,9830.111111111111,0.95,9338.605555555556
惠普（HP）战99,惠普,10099.0,20000,AI 酷睿Ultra,64,1024,无,无,,常规,中端,正常,691.2,12019.0,0.95,11418.05
惠普（HP）战99,惠普,13099.0,20000,AI 酷睿Ultra,64,2048,无,无,,常规,中端,正常,742.4,15161.222222222223,0.95,14403.16111111111
华硕（ASUS）天选6pro,华硕,6920.0,1000,酷睿i9 RTX40系 ,16,1024,4060,8GB GDDR6,,常规,入门级,其他,211.2,7506.666666666667,0.85,6380.666666666667
华硕（ASUS）天选6pro,华硕,6820.0,1000,AMDR9 RTX40系 ,16,1024,4070,10GB GDDR6,,常规,入门级,其他,211.2,7406.666666666667,0.85,6295.666666666667
机械师曙光16Pro,机械师,6999.0,2000,酷睿i9 RTX40系 ,16,1024,4060,8GB GDDR6,,常规,入门级,其他,211.2,7585.666666666667,0.85,6447.816666666667
机械师曙光16Pro,机械师,7999.0,2000,酷睿i9 RTX40系 ,16,1024,4060,8GB GDDR6,,常规,入门级,其他,211.2,8585.666666666666,0.85,7297.816666666666
华硕天选5Pro,华硕,6999.0,200,酷睿i9 RTX40系 学生,16,1024,4070,10GB GDDR6,,常规,入门级,其他,211.2,7585.666666666667,0.85,6447.816666666667
华硕天选5Pro,华硕,6765.0,200,酷睿i9 RTX40系 学生,16,1024,4060,8GB GDDR6,,常规,入门级,其他,211.2,7351.666666666667,0.85,6248.916666666667
联想拯救者Y7000P,联想,6668.0,500,电竞 游戏,16,1024,4060,8GB GDDR6,,常规,入门级,其他,211.2,7254.666666666667,0.85,6166.466666666667
华硕枪神7,华硕,9688.0,44,酷睿i9 RTX40系 ,16,1024,4080,12GB GDDR6,,常规,中端,其他,211.2,10274.666666666666,0.95,9760.933333333332
雷神 ZERO,雷神,14499.0,5000,AI编程设计学生酷睿i9 RTX40系 学生,32,1024,4090,16GB GDDR6,,常规,中端,正常,371.2,15530.111111111111,0.95,14753.605555555556
外星人m18R2,戴尔,18799.0,0,酷睿i9 RTX40系 ,32,1024,4090,16GB GDDR6,,高端,高端,正常,371.2,19830.11111111111,1.0,19830.11111111111
ROG魔霸7P,华硕,9250.0,0,酷睿i9 RTX40系 ,16,1024,4080,12GB GDDR6,,常规,中端,其他,211.2,9836.666666666666,0.95,9344.833333333332
华硕无畏16,华硕,4674.0,5000,酷睿i9 ,16,1024,无,无,,常规,入门级,其他,211.2,5260.666666666667,0.85,4471.566666666667
惠普（HP）暗影精灵11,华硕,8998.0,50000,酷睿i9 RTX50系 ,32,1024,5070,12GB GDDR7,,常规,中端,正常,371.2,10029.111111111111,0.95,9527.655555555555
惠普（HP）暗影精灵11,华硕,8243.3,50000,酷睿i9 RTX50系 ,32,1024,5060,8GB GDDR7,,常规,中端,正常,371.2,9274.41111111111,0.95,8810.690555555555
外星人（Alienware） 笔记本 x14,戴尔,9260.0,0,无,32,1024,4080,12GB GDDR6,,常规,中端,正常,371.2,10291.111111111111,0.95,9776.555555555555
华硕枪神7,华硕,10338.0,44,酷睿i9 RTX40系 ,32,1024,4080,12GB GDDR6,,常规,中端,正常,371.2,11369.111111111111,0.95,10800.655555555555
华硕枪神8Plus超竞版,华硕,11498.0,44,酷睿i9 RTX40系 ,16,1024,4080,12GB GDDR6,,常规,中端,其他,211.2,12084.666666666666,0.95,11480.433333333332
